rank,n_residues,mean_score,max_score,center_x,center_y,center_z,aoh_overlap,concavity,residues
1,85,0.5891,0.7069,-432.3,-3.0,75.4,19,0.588,F25(GLU);F26(ALA);F27(CYS);F28(TRP);F29(ASP);F30(ILE);F35(VAL);F36(ASN);F37(LEU);F38(GLN);F39(SER);F40(MET);F41(ASP);F44(HIS);F45(VAL);F46(SER);F47(LEU);F48(VAL);F49(GLN);F50(LEU);F51(THR);F52(LEU);F67(ALA);F68(MET);F69(GLY);F70(VAL);F71(ASN);F96(ALA);F97(ASP);F98(THR);F99(LEU);F100(ALA);F101(LEU);F102(VAL);F103(PHE);F112(SER);F113(ASP);F114(TYR);F115(GLU);F116(MET);F117(LYS);F118(LEU);F119(MET);F120(ASP);F121(LEU);F122(ASP);F123(VAL);F131(GLN);F132(GLU);F133(TYR);F134(SER);F135(CYS);F136(VAL);F137(VAL);F138(LYS);F139(MET);F140(PRO);F141(SER);F197(ILE);F198(GLU);F224(THR);F225(VAL);F226(THR);F227(LEU);F228(SER);F229(MET);F230(SER);F231(ALA);F232(ASP);F233(VAL);F234(PRO);F235(LEU);F236(VAL);F237(VAL);F238(GLU);F239(TYR);F240(LYS);F241(ILE);F246(HIS);F247(LEU);F248(LYS);F249(TYR);F250(TYR);F251(LEU);F252(ALA)
2,43,0.5684,0.6885,-433.4,24.8,123.5,11,0.488,D36(ASN);D37(LEU);D38(GLN);D39(SER);D40(MET);D44(HIS);D46(SER);D47(LEU);D48(VAL);D49(GLN);D50(LEU);D51(THR);D133(TYR);D134(SER);D135(CYS);D136(VAL);D137(VAL);D138(LYS);D139(MET);D140(PRO);D141(SER);D224(THR);D225(VAL);D226(THR);D227(LEU);D228(SER);D229(MET);D230(SER);D231(ALA);D234(PRO);D235(LEU);D236(VAL);D237(VAL);D238(GLU);D239(TYR);D240(LYS);D241(ILE);D247(LEU);D248(LYS);D249(TYR);D250(TYR);D251(LEU);D252(ALA)
3,41,0.5591,0.6441,-431.9,-27.7,115.4,8,0.585,B36(ASN);B37(LEU);B38(GLN);B39(SER);B40(MET);B46(SER);B47(LEU);B48(VAL);B49(GLN);B50(LEU);B51(THR);B52(LEU);B133(TYR);B134(SER);B135(CYS);B136(VAL);B137(VAL);B138(LYS);B139(MET);B140(PRO);B197(ILE);B198(GLU);B224(THR);B225(VAL);B226(THR);B227(LEU);B228(SER);B229(MET);B230(SER);B231(ALA);B234(PRO);B235(LEU);B236(VAL);B237(VAL);B238(GLU);B239(TYR);B240(LYS);B247(LEU);B248(LYS);B249(TYR);B250(TYR)
4,32,0.5695,0.6919,-476.3,-24.3,135.9,7,0.656,E39(SER);E40(MET);E46(SER);E47(LEU);E48(VAL);E133(TYR);E134(SER);E135(CYS);E136(VAL);E137(VAL);E138(LYS);E139(MET);E140(PRO);E141(SER);E224(THR);E225(VAL);E226(THR);E227(LEU);E228(SER);E229(MET);E230(SER);E231(ALA);E233(VAL);E234(PRO);E235(LEU);E236(VAL);E237(VAL);E238(GLU);E239(TYR);E240(LYS);E247(LEU);E249(TYR)
5,12,0.6855,0.7681,-463.4,19.3,99.4,4,0.5,A132(GLU);A133(TYR);A134(SER);A135(CYS);A136(VAL);A230(SER);A231(ALA);A232(ASP);A233(VAL);A234(PRO);A235(LEU);A236(VAL)
6,18,0.5581,0.6849,-477.0,4.0,129.6,1,0.444,E27(CYS);E28(TRP);E67(ALA);E68(MET);E69(GLY);E70(VAL);E98(THR);E99(LEU);E100(ALA);E101(LEU);E102(VAL);E103(PHE);E115(GLU);E116(MET);E117(LYS);E118(LEU);E119(MET);E120(ASP)
7,19,0.5185,0.6012,-440.4,-8.6,134.4,0,0.474,B67(ALA);B68(MET);B69(GLY);B70(VAL);B96(ALA);B97(ASP);B98(THR);B99(LEU);B100(ALA);B101(LEU);B102(VAL);B103(PHE);B113(ASP);B115(GLU);B116(MET);B117(LYS);B118(LEU);B119(MET);B120(ASP)
8,7,0.5024,0.5576,-443.8,33.7,101.0,0,0.286,D68(MET);D69(GLY);D117(LYS);D118(LEU);D119(MET);D120(ASP);D121(LEU)
9,5,0.5446,0.603,-472.3,-39.9,84.3,0,1.0,C228(SER);C235(LEU);C236(VAL);C237(VAL);C238(GLU)
10,3,0.5569,0.5997,-479.0,-37.2,127.6,0,0.333,E168(LYS);E169(PHE);E170(SER)
11,3,0.5543,0.6182,-434.8,10.1,133.3,0,0.333,D168(LYS);D169(PHE);D170(SER)
12,3,0.5176,0.5722,-485.5,-31.6,132.3,0,0.333,E205(LEU);E206(THR);E207(PHE)
13,3,0.4822,0.5113,-441.7,17.3,132.0,0,1.0,D205(LEU);D206(THR);D207(PHE)
