1C3I__A	1C3I__A
1C3I__A	1C3I__B
1D09__C	1D09__C
1D09__C	1D09__A
1D09__D	1D09__D
1D09__D	1D09__B
1E3V__A	1E3V__A
1E3V__A	1E3V__B
1FBO__A	1FBO__A
1GQY__A	1GQY__A
1GQY__A	1GQY__B
1JBP__S	1JBP__S
1K3Y__B	1K3Y__B
1K3Y__B	1K3Y__A
1O3P__A	1O3P__A
1OG2__B	1OG2__B
1OG2__B	1OG2__A
1OIN__A	1OIN__A
1OIN__A	1OIN__B
1P9Y__B	1P9Y__B
1P9Y__B	1P9Y__A
1PDZ__A	1PDZ__A
1PDZ__A	1ONE__B
1PDZ__A	1ONE__A
1PZO__A	1PZO__A
1Q5H__A	1Q5H__A
1Q5H__A	1Q5H__B
1Q5H__A	1Q5H__C
1SQO__A	1SQO__A
1SQO__A	1O3P__B
1V48__A	1V48__A
1XHY__A	1XHY__A
1XKK__A	1XKK__A
1XKK__A	1M17__A
1ZC3__C	1ZC3__C
1ZC3__C	1ZC3__A
1ZC3__D	1ZC3__D
1ZC3__D	1ZC3__B
2AM9__A	2AM9__A
2B8H__A	2B8H__A
2B8H__A	2B8H__B
2B8H__A	2B8H__C
2B8H__A	2B8H__D
2BKM__B	2BKM__B
2BKM__B	2BKM__A
2CNN__A	2CNN__A
2CNN__B	2CNN__B
2CNN__C	2CNN__C
2DXX__B	2DXX__B
2DXX__B	2DXX__A
2EUF__A	2EUF__A
2EUF__B	2EUF__B
2EUF__B	3PXF__A
2HNX__A	2HNX__A
2J58__A	2J58__A
2J58__A	2J58__B
2J58__A	2J58__C
2J58__A	2J58__D
2J58__A	2J58__E
2J58__A	2J58__F
2J58__A	2J58__G
2J58__A	2J58__H
2JA3__D	2JA3__D
2JA3__D	2JA3__A
2JA3__D	2JA3__B
2JA3__D	2JA3__C
2JA3__D	2JA3__E
2JA3__D	2JA3__F
2K1V__A	2K1V__A
2K1V__B	2K1V__B
2NMO__A	2NMO__A
2NWX__C	2NWX__C
2NWX__C	2NWX__A
2NWX__C	2NWX__B
2P0R__B	2P0R__B
2P0R__B	2P0R__A
2P0R__E	2P0R__E
2P0R__E	2P0R__D
2P54__A	2P54__A
2P54__B	2P54__B
2PKT__A	2PKT__A
2Q1T__A	2Q1T__A
2QKH__A	2QKH__A
2QKH__B	2QKH__B
2R8Q__B	2R8Q__B
2R8Q__B	2R8Q__A
2VGO__C	2VGO__C
2VGO__C	2VGO__D
2VO5__A	2VO5__A
2VO5__A	2VO5__B
2WER__B	2WER__B
2WER__B	2WER__A
2X6D__A	2X6D__A
2X6D__A	2VGO__A
2X6D__A	2VGO__B
2XBP__A	2XBP__A
2XHM__A	2XHM__A
2YHW__A	2YHW__A
3C0I__A	3C0I__A
3CL7__B	3CL7__B
3CL7__B	3CL7__A
3D0E__B	3D0E__B
3D0E__B	3D0E__A
3D0E__B	1JBP__E
3EML__A	3EML__A
3FU8__B	3FU8__B
3FU8__B	3FU8__A
3GXD__A	3GXD__A
3GXD__A	3GXD__B
3GXD__A	3GXD__C
3GXD__A	3GXD__D
3KQ4__A	3KQ4__A
3KQ4__A	3KQ4__C
3KQ4__A	3KQ4__E
3KQ4__B	3KQ4__B
3KQ4__B	3KQ4__D
3KQ4__B	3KQ4__F
3N86__V	3N86__V
3N86__V	3N86__A
3N86__V	3N86__B
3N86__V	3N86__C
3N86__V	3N86__D
3N86__V	3N86__E
3N86__V	3N86__F
3N86__V	3N86__G
3N86__V	3N86__H
3N86__V	3N86__I
3N86__V	3N86__J
3N86__V	3N86__K
3N86__V	3N86__L
3N86__V	3N86__M
3N86__V	3N86__N
3N86__V	3N86__O
3N86__V	3N86__P
3N86__V	3N86__Q
3N86__V	3N86__R
3N86__V	3N86__S
3N86__V	3N86__T
3N86__V	3N86__U
3N86__V	3N86__W
3N86__V	3N86__X
